<?xml version="1.0" encoding="utf-8"?>
<resources>
    <declare-styleable name="TagsEditText">
        <attr name="allowSpaceInTag" format="boolean"/>
        <attr name="tagsTextColor" format="color"/>
        <attr name="tagsTextSize" format="dimension"/>
        <attr name="tagsBackground" format="integer"/>
        <attr name="tagsCloseImageLeft" format="integer"/>
        <attr name="tagsCloseImageRight" format="integer"/>
        <attr name="tagsCloseImagePadding" format="dimension" />
        <attr name="tagsPaddingLeft" format="dimension"/>
        <attr name="tagsPaddingRight" format="dimension"/>
        <attr name="tagsPaddingTop" format="dimension"/>
        <attr name="tagsPaddingBottom" format="dimension"/>
    </declare-styleable>

    <color name="defaultTagsTextColor">#FFFFFF</color>
    <dimen name="defaultTagsTextSize">16sp</dimen>
    <dimen name="defaultTagsCloseImagePadding">10dp</dimen>
    <dimen name="defaultTagsPadding">0dp</dimen>
</resources>