<?xml version="1.0" encoding="utf-8"?>
<selector xmlns:android="http://schemas.android.com/apk/res/android">
    <item android:state_pressed="false">
        <shape>
            <corners android:radius="1dp"/>
            <padding android:top="2dp" android:bottom="2dp" android:right="5dp" android:left="5dp"/>
            <solid android:color="#f05"/>
        </shape>
    </item>
    <item android:state_pressed="false">
        <shape>
            <corners android:radius="1dp"/>
            <padding android:top="2dp" android:bottom="2dp" android:right="5dp" android:left="5dp"/>
            <solid android:color="#ff3300"/>
        </shape>
    </item>
</selector>